asn,category
7,gov
24,gov
37,gov
49,gov
50,gov
70,gov
89,gov
102,gov
127,gov
138,gov
147,gov
224,gov
228,gov
243,gov
273,gov
288,gov
293,gov
297,gov
300,gov
306,gov
312,gov
316,gov
319,gov
321,gov
341,gov
345,gov
351,gov
352,gov
356,gov
367,gov
400,gov
518,gov
542,gov
559,gov
567,gov
571,gov
600,gov
637,gov
668,gov
683,gov
688,gov
745,gov
749,gov
764,gov
766,gov
786,gov
818,gov
905,gov
1226,gov
1348,gov
1554,gov
1556,gov
1565,gov
1569,gov
1586,gov
1733,gov
1798,gov
1827,gov
1837,gov
1955,gov
1998,gov
2026,gov
2384,gov
2544,gov
2576,gov
2611,gov
2614,gov
2633,gov
2650,gov
2665,gov
2675,gov
2727,gov
2769,gov
2894,gov
2920,gov
3136,gov
3219,gov
3233,gov
3240,gov
3401,gov
3471,gov
3477,gov
3527,gov
3562,gov
3635,gov
3705,gov
3709,gov
3766,gov
3926,gov
4152,gov
4179,gov
4193,gov
4211,gov
4454,gov
4651,gov
4758,gov
4782,gov
4820,gov
4859,gov
4894,gov
4954,gov
5108,gov
5110,gov
5132,gov
5306,gov
5498,gov
5507,gov
5542,gov
5744,gov
5774,gov
5831,gov
5860,gov
5972,gov
6040,gov
6122,gov
6150,gov
6559,gov
6699,gov
6733,gov
6769,gov
6849,gov
6922,gov
6966,gov
6989,gov
7086,gov
7194,gov
7417,gov
7465,gov
7471,gov
7497,gov
7564,gov
7773,gov
7872,gov
8103,gov
8140,gov
8194,gov
8240,gov
8414,gov
8506,gov
8517,gov
8519,gov
8659,gov
8834,gov
8867,gov
8956,gov
8978,gov
9201,gov
9270,gov
9275,gov
9389,gov
9489,gov
9509,gov
9546,gov
9647,gov
9650,gov
9732,gov
9811,gov
9821,gov
9829,gov
9835,gov
10063,gov
10187,gov
10412,gov
10442,gov
10616,gov
10670,gov
10897,gov
10921,gov
10938,gov
10944,gov
10954,gov
11097,gov
11205,gov
11361,gov
11394,gov
11577,gov
11663,gov
11687,gov
11708,gov
11802,gov
11956,gov
11974,gov
12051,gov
12102,gov
12156,gov
12191,gov
12253,gov
12303,gov
12376,gov
12443,gov
12509,gov
12511,gov
12564,gov
12782,gov
13011,gov
13029,gov
13223,gov
13325,gov
13456,gov
13470,gov
13506,gov
13543,gov
13611,gov
13685,gov
13781,gov
13788,gov
13855,gov
13918,gov
13972,gov
14072,gov
14223,gov
14242,gov
14263,gov
14303,gov
14308,gov
14488,gov
14677,gov
14734,gov
14736,gov
14827,gov
14877,gov
14977,gov
14983,gov
15029,gov
15130,gov
15147,gov
15196,gov
15205,gov
15304,gov
15383,gov
15386,gov
15419,gov
15770,gov
15806,gov
16060,gov
16426,gov
16502,gov
16569,gov
16697,gov
16700,gov
16701,gov
16741,gov
16796,gov
16986,gov
17120,gov
17147,gov
17297,gov
17365,gov
17485,gov
17494,gov
17574,gov
17595,gov
17793,gov
18043,gov
18055,gov
18125,gov
18255,gov
18431,gov
18440,gov
18482,gov
18558,gov
18614,gov
18760,gov
18777,gov
18847,gov
18889,gov
18975,gov
19014,gov
19050,gov
19076,gov
19179,gov
19185,gov
19307,gov
19323,gov
19329,gov
19348,gov
19399,gov
19426,gov
19534,gov
19589,gov
19713,gov
19722,gov
19723,gov
19725,gov
19779,gov
19827,gov
19902,gov
19904,gov
20009,gov
20047,gov
20091,gov
20097,gov
20116,gov
20336,gov
20372,gov
20548,gov
20661,gov
20702,gov
20820,gov
20905,gov
20929,gov
20950,gov
21002,gov
21096,gov
21325,gov
21449,gov
21489,gov
21564,gov
21589,gov
21633,gov
21669,gov
21694,gov
21696,gov
21843,gov
21852,gov
22066,gov
22073,gov
22088,gov
22252,gov
22284,gov
22304,gov
22422,gov
22472,gov
22498,gov
22515,gov
22617,gov
22757,gov
22828,gov
23024,gov
23025,gov
23038,gov
23067,gov
23074,gov
23228,gov
23271,gov
23281,gov
23301,gov
23307,gov
23363,gov
23457,gov
23483,gov
23544,gov
23596,gov
23744,gov
23799,gov
23889,gov
23917,gov
24151,gov
24313,gov
24394,gov
24449,gov
24595,gov
24675,gov
24845,gov
25094,gov
25241,gov
25278,gov
25354,gov
25373,gov
25377,gov
25444,gov
25461,gov
25554,gov
25628,gov
25640,gov
25664,gov
25729,gov
25807,gov
25808,gov
25832,gov
25876,gov
25925,gov
25979,gov
25992,gov
25996,gov
26025,gov
26059,gov
26064,gov
26100,gov
26218,gov
26229,gov
26263,gov
26402,gov
26439,gov
26515,gov
26565,gov
26765,gov
26810,gov
26814,gov
26903,gov
26923,gov
27033,gov
27064,gov
27065,gov
27066,gov
27139,gov
27142,gov
27201,gov
27202,gov
27206,gov
27273,gov
27370,gov
27412,gov
27673,gov
28197,gov
28222,gov
28261,gov
28291,gov
28371,gov
28513,gov
28563,gov
28602,gov
28616,gov
28629,gov
28637,gov
28682,gov
28727,gov
28810,gov
29093,gov
29263,gov
29325,gov
29335,gov
29348,gov
29466,gov
29585,gov
29600,gov
29626,gov
29901,gov
29935,gov
29992,gov
30049,gov
30185,gov
30243,gov
30268,gov
30412,gov
30415,gov
30445,gov
30450,gov
30577,gov
30754,gov
31004,gov
31065,gov
31215,gov
31236,gov
31256,gov
31278,gov
31313,gov
31324,gov
31581,gov
31753,gov
31756,gov
31900,gov
32146,gov
32193,gov
32269,gov
32294,gov
32324,gov
32365,gov
32457,gov
32629,gov
32635,gov
32711,gov
32770,gov
32815,gov
32843,gov
32982,gov
33138,gov
33248,gov
33343,gov
33370,gov
33515,gov
33527,gov
33594,gov
33638,gov
33845,gov
33967,gov
34073,gov
34123,gov
34478,gov
34592,gov
34663,gov
34670,gov
34808,gov
35175,gov
35264,gov
35302,gov
35338,gov
35373,gov
35503,gov
35542,gov
35704,gov
35709,gov
35789,gov
35956,gov
35960,gov
36045,gov
36069,gov
36081,gov
36223,gov
36340,gov
36358,gov
36479,gov
36542,gov
36548,gov
36555,gov
36612,gov
36739,gov
36750,gov
36809,gov
36885,gov
37016,gov
37051,gov
37066,gov
37130,gov
37219,gov
37258,gov
37313,gov
37385,gov
37434,gov
37466,gov
37654,gov
37677,gov
37978,gov
38027,gov
38157,gov
38236,gov
38293,gov
38296,gov
38328,gov
38414,gov
38450,gov
38470,gov
38526,gov
38574,gov
38603,gov
38764,gov
38863,gov
38886,gov
38915,gov
39098,gov
39154,gov
39279,gov
39353,gov
39658,gov
39662,gov
39675,gov
39804,gov
39949,gov
39961,gov
39990,gov
40042,gov
40109,gov
40116,gov
40148,gov
40158,gov
40249,gov
40267,gov
40382,gov
40411,gov
40468,gov
40553,gov
40623,gov
40648,gov
40651,gov
40749,gov
40839,gov
41289,gov
41306,gov
41312,gov
41336,gov
41376,gov
41394,gov
41424,gov
41502,gov
41530,gov
41548,gov
41636,gov
41716,gov
41739,gov
41888,gov
42056,gov
42142,gov
42165,gov
42211,gov
42848,gov
42894,gov
43011,gov
43028,gov
43104,gov
43188,gov
43193,gov
43344,gov
43378,gov
43381,gov
43475,gov
43558,gov
43797,gov
43806,gov
43838,gov
43922,gov
44110,gov
44328,gov
44403,gov
44442,gov
44560,gov
44689,gov
44698,gov
44998,gov
45316,gov
45353,gov
45442,gov
45703,gov
45712,gov
45732,gov
45793,gov
45808,gov
46017,gov
46093,gov
46153,gov
46169,gov
46376,gov
46439,gov
46491,gov
46520,gov
46522,gov
46565,gov
46631,gov
46637,gov
46674,gov
46692,gov
46788,gov
46792,gov
46846,gov
46879,gov
46880,gov
46963,gov
46966,gov
47031,gov
47032,gov
47519,gov
47672,gov
47736,gov
47797,gov
47922,gov
47944,gov
48037,gov
48109,gov
48184,gov
48247,gov
48298,gov
48703,gov
48751,gov
48843,gov
48928,gov
49010,gov
49016,gov
49049,gov
49077,gov
49234,gov
49324,gov
49369,gov
49437,gov
49507,gov
49666,gov
49728,gov
49918,gov
49932,gov
49950,gov
50192,gov
50222,gov
50233,gov
50252,gov
50256,gov
50270,gov
50290,gov
50758,gov
50893,gov
50944,gov
51010,gov
51051,gov
51098,gov
51172,gov
51438,gov
51455,gov
51482,gov
51566,gov
51707,gov
51882,gov
51912,gov
51970,gov
52184,gov
52293,gov
52318,gov
52608,gov
52622,gov
52628,gov
52649,gov
52740,gov
52867,gov
52890,gov
52958,gov
52997,gov
53012,gov
53016,gov
53116,gov
53159,gov
53188,gov
53203,gov
53204,gov
53302,gov
53442,gov
53455,gov
53472,gov
53500,gov
53527,gov
53789,gov
54050,gov
54068,gov
54099,gov
54156,gov
54157,gov
54179,gov
54199,gov
54222,gov
54245,gov
54332,gov
54371,gov
54385,gov
54469,gov
54474,gov
54549,gov
54669,gov
54735,gov
54797,gov
54832,gov
54883,gov
54885,gov
55046,gov
55063,gov
55131,gov
55135,gov
55178,gov
55330,gov
55433,gov
55435,gov
55446,gov
55566,gov
55580,gov
55741,gov
55870,gov
56051,gov
56105,gov
56141,gov
56236,gov
56506,gov
56519,gov
56557,gov
56561,gov
56588,gov
56670,gov
56751,gov
56855,gov
56929,gov
56974,gov
56978,gov
57058,gov
57124,gov
57201,gov
57352,gov
57445,gov
57580,gov
57602,gov
57637,gov
57729,gov
57736,gov
57956,gov
57965,gov
57968,gov
58031,gov
58083,gov
58151,gov
58185,gov
58282,gov
58469,gov
58476,gov
58488,gov
58545,gov
58716,gov
58812,gov
59132,gov
59142,gov
59151,gov
59189,gov
59193,gov
59503,gov
59619,gov
59715,gov
59801,gov
60179,gov
60279,gov
60324,gov
60562,gov
60583,gov
60903,gov
60967,gov
60997,gov
61014,gov
61106,gov
61128,gov
61160,gov
61352,gov
61353,gov
61458,gov
61569,gov
61572,gov
61612,gov
61656,gov
61738,gov
61779,gov
61903,gov
61933,gov
62022,gov
62090,gov
62186,gov
62220,gov
62260,gov
62364,gov
62507,gov
62548,gov
62559,gov
62648,gov
62658,gov
62798,gov
62841,gov
62924,gov
63010,gov
63097,gov
63254,gov
63316,gov
63317,gov
63385,gov
63500,gov
63770,gov
63932,gov
64026,gov
64261,gov
131150,gov
131239,gov
131268,gov
131279,gov
131341,gov
131693,gov
131724,gov
131765,gov
131782,gov
131784,gov
131785,gov
132027,gov
132043,gov
132066,gov
132117,gov
132205,gov
132219,gov
132228,gov
132237,gov
132293,gov
132321,gov
132469,gov
132599,gov
132616,gov
132634,gov
132723,gov
132909,gov
133015,gov
133037,gov
133102,gov
133345,gov
133383,gov
133387,gov
133826,gov
133839,gov
134073,gov
134099,gov
134111,gov
134131,gov
134164,gov
134635,gov
134659,gov
134690,gov
134819,gov
135008,gov
135018,gov
135118,gov
135457,gov
135471,gov
135472,gov
135473,gov
135485,gov
135551,gov
135666,gov
135675,gov
135769,gov
135835,gov
135860,gov
136035,gov
136060,gov
136067,gov
136085,gov
136087,gov
136094,gov
136154,gov
136291,gov
136601,gov
136656,gov
136659,gov
136667,gov
136701,gov
136842,gov
136882,gov
136889,gov
136971,gov
137287,gov
137291,gov
137294,gov
137308,gov
137318,gov
137340,gov
137342,gov
137361,gov
137379,gov
137381,gov
137540,gov
137590,gov
137646,gov
137671,gov
138050,gov
138055,gov
138059,gov
138071,gov
138082,gov
138086,gov
138095,gov
138097,gov
138114,gov
138127,gov
138247,gov
138488,gov
138727,gov
138806,gov
138835,gov
138851,gov
138852,gov
138858,gov
139154,gov
139237,gov
139364,gov
139368,gov
139439,gov
139501,gov
139614,gov
139828,gov
139940,gov
139943,gov
139948,gov
139980,gov
139992,gov
140002,gov
140023,gov
140110,gov
140170,gov
140424,gov
141048,gov
141058,gov
141066,gov
141288,gov
141295,gov
141478,gov
141501,gov
141583,gov
141644,gov
141659,gov
142314,gov
142343,gov
142384,gov
147136,gov
147171,gov
149154,gov
149265,gov
149372,gov
149375,gov
149384,gov
149402,gov
149607,gov
149676,gov
149699,gov
149748,gov
149889,gov
149968,gov
149974,gov
150188,gov
150283,gov
150442,gov
150925,gov
150943,gov
151007,gov
151561,gov
151645,gov
152422,gov
152576,gov
152671,gov
153075,gov
153213,gov
154367,gov
196722,gov
196778,gov
196821,gov
196852,gov
196870,gov
196902,gov
197016,gov
197136,gov
197370,gov
197489,gov
197497,gov
197553,gov
197668,gov
197829,gov
197869,gov
197874,gov
197942,gov
197973,gov
198033,gov
198142,gov
198435,gov
198472,gov
198530,gov
198531,gov
198561,gov
198687,gov
198730,gov
198815,gov
199131,gov
199148,gov
199189,gov
199300,gov
199350,gov
199541,gov
199583,gov
199663,gov
199729,gov
199844,gov
200145,gov
200189,gov
200364,gov
200521,gov
200538,gov
200568,gov
200630,gov
200764,gov
200777,gov
201139,gov
201174,gov
201547,gov
201557,gov
201643,gov
201688,gov
201720,gov
201762,gov
201859,gov
201897,gov
202024,gov
202123,gov
202342,gov
202394,gov
202407,gov
202519,gov
202553,gov
202655,gov
202710,gov
202865,gov
202961,gov
203147,gov
203242,gov
203310,gov
203311,gov
203396,gov
203474,gov
203506,gov
203581,gov
203609,gov
203665,gov
203673,gov
203703,gov
204182,gov
204206,gov
204222,gov
204260,gov
204341,gov
204452,gov
204486,gov
204635,gov
204679,gov
204806,gov
205033,gov
205250,gov
205346,gov
205370,gov
205461,gov
205471,gov
205637,gov
205760,gov
205861,gov
205989,gov
206010,gov
206341,gov
206418,gov
206458,gov
206490,gov
206600,gov
206629,gov
206645,gov
206845,gov
206860,gov
206879,gov
206918,gov
206977,gov
207263,gov
207275,gov
207282,gov
207316,gov
207894,gov
208096,gov
208153,gov
208237,gov
208240,gov
208284,gov
208508,gov
208551,gov
208605,gov
208654,gov
208740,gov
208820,gov
208973,gov
209125,gov
209171,gov
209175,gov
209374,gov
209457,gov
209511,gov
209676,gov
209682,gov
209721,gov
210140,gov
210213,gov
210229,gov
210591,gov
210592,gov
210822,gov
210872,gov
211080,gov
211319,gov
211452,gov
211589,gov
211734,gov
211799,gov
211875,gov
211929,gov
212106,gov
212151,gov
212157,gov
212398,gov
212428,gov
212542,gov
212778,gov
213009,gov
213065,gov
213099,gov
213158,gov
213206,gov
213238,gov
213283,gov
213317,gov
213417,gov
213680,gov
214945,gov
214966,gov
215215,gov
215324,gov
215608,gov
215776,gov
262264,gov
262486,gov
262655,gov
262679,gov
262714,gov
262882,gov
263023,gov
263198,gov
263261,gov
263406,gov
263638,gov
263639,gov
263850,gov
263857,gov
263876,gov
263953,gov
264019,gov
264080,gov
264087,gov
264102,gov
264313,gov
264338,gov
264423,gov
264467,gov
264468,gov
264469,gov
264476,gov
264481,gov
264495,gov
264694,gov
264808,gov
264916,gov
265020,gov
265049,gov
265064,gov
265071,gov
265073,gov
265212,gov
265375,gov
265431,gov
265450,gov
265589,gov
265939,gov
265994,gov
266031,gov
266432,gov
266495,gov
267086,gov
267230,gov
267310,gov
267392,gov
267509,gov
267525,gov
267534,gov
267626,gov
267932,gov
268014,gov
268178,gov
268220,gov
268293,gov
268507,gov
268639,gov
268758,gov
268889,gov
269045,gov
269175,gov
269191,gov
269209,gov
269324,gov
269346,gov
269404,gov
269498,gov
269549,gov
269607,gov
269613,gov
269801,gov
270308,gov
270327,gov
270328,gov
270681,gov
270710,gov
271029,gov
271145,gov
271246,gov
271467,gov
272336,gov
327795,gov
327861,gov
327903,gov
328316,gov
328665,gov
393228,gov
393281,gov
393308,gov
393313,gov
393341,gov
393352,gov
393535,gov
393555,gov
393638,gov
393661,gov
393759,gov
393777,gov
393799,gov
393819,gov
393956,gov
393993,gov
393998,gov
394015,gov
394020,gov
394165,gov
394216,gov
394238,gov
394240,gov
394286,gov
394366,gov
394411,gov
394426,gov
394438,gov
394465,gov
394534,gov
394613,gov
394633,gov
394712,gov
394748,gov
394755,gov
394850,gov
394942,gov
394985,gov
395005,gov
395134,gov
395272,gov
395386,gov
395399,gov
395411,gov
395474,gov
395604,gov
395614,gov
395627,gov
395634,gov
395660,gov
395708,gov
395789,gov
395872,gov
395877,gov
395913,gov
396012,gov
396072,gov
396090,gov
396117,gov
396155,gov
396220,gov
396262,gov
396320,gov
396369,gov
396408,gov
396416,gov
396484,gov
396513,gov
396890,gov
396943,gov
396972,gov
396973,gov
396978,gov
397070,gov
397142,gov
397276,gov
397371,gov
397375,gov
397486,gov
397799,gov
397824,gov
397940,gov
398290,gov
398412,gov
398440,gov
398821,gov
398905,gov
399436,gov
399437,gov
399974,gov
400257,gov
400425,gov
400588,gov
401343,gov
